amount,oldbalanceOrg,newbalanceOrig,oldbalanceDest,newbalanceDest,is_fraud
861,536,-350,3828,4676,0
3773,1625,-2131,18352,22093,0
3093,7973,4911,17087,20165,0
467,8577,8114,12605,13080,0
4427,8070,3598,5482,9921,1
3445,8666,5205,18184,21655,0
3172,8609,5408,5463,8630,0
2920,6490,3562,13860,16732,0
131,3600,3433,4912,5066,0
1686,6783,5132,4648,6348,0
770,9146,8385,855,1665,0
2392,4971,2540,2866,5215,0
2434,1205,-1231,11834,14268,0
1185,1990,796,16294,17509,0
4556,5299,730,16566,21144,1
3386,3572,217,3112,6453,0
4118,5975,1851,4492,8648,1
4844,6320,1460,15114,19946,1
2905,4380,1454,1517,4431,0
475,4757,4319,16018,16470,0
1083,2713,1609,17740,18869,0
2559,5588,3056,11431,13993,0
2048,966,-1127,8210,10244,0
2748,4944,2212,11595,14301,0
976,3432,2485,12871,13878,0
1807,688,-1163,12743,14555,0
190,4243,4054,9324,9522,0
2735,3701,929,11531,14300,0
3006,8533,5549,6588,9545,0
4659,5182,487,3311,7980,1
1900,9916,7986,987,2894,0
1268,6704,5420,3321,4598,0
1529,4422,2908,15812,17330,0
3203,9984,6821,4615,7803,0
3557,1759,-1847,15512,19055,0
3891,9181,5274,13146,17065,0
647,2482,1866,13654,14342,1
2889,8058,5196,3052,5908,0
2436,951,-1516,726,3209,0
601,8914,8344,3760,4373,1
2364,2079,-326,1875,4210,0
2062,2717,629,13969,15991,0
242,4524,4297,4033,4282,0
2042,9692,7624,5443,7491,0
2825,8477,5655,17373,20224,0
2613,7311,4680,3744,6310,0
1364,7186,5807,16977,18376,0
1479,2065,630,1774,3209,0
2557,768,-1826,10651,13218,1
776,5490,4728,935,1714,0
4015,6645,2659,13395,17447,1
35,5083,5051,3808,3860,0
3153,5232,2080,16715,19909,0
1956,5797,3793,11641,13625,0
1586,9138,7600,19086,20622,0
3944,4926,972,14376,18324,0
3074,6016,2897,5889,8915,0
1022,3335,2287,5054,6103,0
3462,8038,4538,3868,7317,0
2614,4873,2306,16585,19149,0
3844,1481,-2406,18881,22712,1
1501,6305,4774,1842,3377,0
4799,3451,-1301,10058,14835,1
162,54,-91,9101,9217,0
4298,7643,3319,12497,16818,1
1982,3462,1508,4658,6681,0
996,832,-147,11381,12347,0
4912,5954,1036,7544,12476,1
3343,8519,5185,7718,11077,0
4552,7221,2630,13851,18399,1
3799,3310,-508,17154,20986,0
1276,3300,2069,19539,20847,0
1017,6722,5746,11777,12778,0
338,7218,6842,1628,1983,0
879,7776,6877,386,1283,0
1077,3675,2625,6031,7058,0
4888,3054,-1865,6439,11344,1
3994,7970,3943,13392,17347,0
4860,2143,-2675,18850,23719,1
380,5207,4836,2282,2638,0
493,9503,9022,1856,2354,0
2063,2538,430,15670,17705,1
3885,4547,643,1998,5857,0
65,5619,5596,5476,5511,0
2569,8356,5779,9428,12007,0
2028,6612,4535,4669,6709,0
2696,5005,2318,12336,15033,0
1496,822,-702,9342,10875,0
392,943,583,7064,7430,0
4515,6150,1615,7446,11965,1
4475,4425,-96,17815,22285,1
3562,8966,5436,5624,9167,0
2279,2198,-98,7461,9744,0
3100,4242,1101,1819,4964,0
201,3695,3532,10516,10671,0
4876,3452,-1473,13749,18610,1
3105,9106,5961,17514,20617,0
4599,1308,-3292,2658,7264,1
2455,4177,1702,3500,5943,0
3646,8705,5064,2120,5795,1
805,6852,6075,4020,4871,0
2732,6035,3325,10213,12979,0
2774,3594,856,3259,6043,0
1571,4841,3302,10081,11610,0
2691,1409,-1324,1823,4469,0
3841,4566,773,17858,21683,0
1029,4491,3432,18626,19643,0
503,1555,1074,13467,13941,0
4494,804,-3713,19627,24111,1
871,1279,419,6990,7815,0
4489,7083,2550,3134,7614,1
207,5986,5808,18454,18697,0
1485,5619,4099,16743,18258,0
864,1387,569,15434,16323,0
2791,2679,-159,15007,17834,0
564,2106,1495,10233,10826,0
4192,8173,3970,16378,20586,1
1758,4223,2431,1141,2878,0
1679,4831,3153,18019,19704,0
3243,2768,-433,10135,13413,0
4637,3186,-1450,12966,17625,1
1060,2573,1498,3361,4399,0
1723,2599,863,7835,9544,0
3315,4033,717,11172,14523,0
3158,8428,5282,16390,19510,0
2626,1304,-1310,3267,5874,0
2730,7368,4649,6564,9289,0
1598,5877,4327,18990,20560,0
3061,1301,-1804,11411,14466,0
2694,2541,-177,5906,8566,0
4892,2051,-2800,16028,20954,1
3628,6809,3216,19657,23300,0
1364,8633,7232,7611,8930,0
1982,8996,7034,17297,19246,0
1664,74,-1555,2011,3718,0
1530,6981,5405,17826,19327,0
2039,5475,3440,11246,13267,0
3303,8232,4880,13790,17072,0
2238,7184,4957,11738,14006,0
1307,5796,4529,14730,16018,0
4030,7141,3081,11120,15141,1
2676,1622,-1026,18213,20916,0
1283,8041,6728,8767,10009,0
710,341,-410,13703,14398,0
4745,2074,-2635,929,5657,1
4414,7992,3585,11951,16387,1
3749,645,-3116,15845,19571,0
4780,4263,-563,17438,22178,1
664,8801,8151,15747,16438,0
1999,6136,4099,5744,7731,0
3446,8646,5234,18284,21726,0
3744,9900,6195,9649,13361,0
1496,2969,1507,6980,8440,0
3305,3028,-275,7069,10351,0
3764,7643,3910,9591,13328,0
1854,2681,821,19799,21674,0
4660,3629,-1050,442,5060,1
1292,4225,2918,4652,5940,0
3582,3067,-485,9370,12934,0
3458,5941,2531,7597,11066,0
1637,1386,-242,14325,16008,0
3697,2866,-871,4458,8123,0
3000,4788,1800,6591,9607,0
3153,5490,2307,16346,19522,0
699,4124,3426,11826,12514,0
2161,8340,6183,18693,20850,0
4098,3850,-273,14138,18250,1
4738,5415,694,17294,22010,1
855,7679,6807,2169,3023,0
3475,6819,3345,18556,22078,0
1708,9328,7651,6313,7983,0
2778,8378,5648,8315,11043,0
1734,9442,7750,8036,9753,0
4932,1333,-3598,785,5759,1
3511,4150,617,6139,9647,0
203,6766,6550,6344,6573,0
3256,2711,-554,18800,22053,0
4219,4853,604,14973,19190,1
4497,6212,1706,5619,10129,1
767,7479,6674,1936,2713,0
4390,5408,1031,3807,8175,1
2328,9977,7615,7151,9467,0
2932,7715,4741,9493,12462,1
198,8942,8734,12355,12528,1
1931,1762,-219,3236,5133,0
3583,7101,3469,15848,19451,0
609,7674,7074,2352,2923,0
3273,6122,2846,1932,5223,0
1148,481,-689,10913,12036,0
4283,153,-4084,8556,12837,1
3398,7617,4178,5498,8912,0
2512,1524,-981,10582,13050,0
1795,2120,334,17330,19132,0
660,2343,1653,13865,14523,0
2812,5136,2301,9569,12383,0
1370,5760,4414,17823,19207,0
1987,1240,-764,4857,6855,0
147,60,-130,340,453,0
3220,9130,5918,11181,14393,0
2912,1639,-1238,16766,19652,0
1735,6185,4471,8491,10178,0
1844,7970,6124,138,2010,0
489,1252,791,358,825,0
2977,4203,1192,9714,12672,0
1960,8363,6412,19840,21775,0
2386,9650,7300,1627,3978,0
2920,3549,666,15996,18890,0
4737,4197,-546,5004,9744,1
1803,7009,5238,13283,15063,0
4062,6667,2623,6652,10736,1
3370,2322,-1067,19554,22929,0
263,9828,9558,2151,2428,0
624,4090,3480,9429,10095,0
1017,6960,5979,14072,15124,0
3644,3004,-683,11927,15600,0
4977,5136,185,6905,11872,1
2050,329,-1700,19218,21268,0
3724,3640,-48,12452,16196,0
4549,7982,3425,16212,20788,1
3109,4107,948,18951,22038,0
4091,1341,-2750,1307,5430,1
2057,8407,6323,14852,16877,0
3171,338,-2785,2660,5846,0
1683,5895,4185,10403,12076,0
2256,2708,418,10238,12488,0
1155,1750,549,6207,7326,0
4500,5604,1073,19546,23998,1
3192,2421,-801,1140,4292,0
1697,7119,5429,1708,3407,0
3992,8901,4889,3630,7617,0
4724,5319,644,19595,24298,1
4683,6609,1886,10485,15174,1
1649,5387,3739,12021,13637,0
1446,3993,2511,16859,18305,0
4200,8680,4512,7684,11881,1
3924,8044,4076,1207,5146,0
254,8238,7961,13331,13630,0
3184,4873,1689,1960,5101,0
2558,4806,2255,557,3086,0
99,8592,8447,15883,15937,0
2201,5913,3666,13893,16119,0
2962,7124,4205,882,3850,0
4974,3157,-1772,4761,9720,1
4434,390,-4087,5867,10329,1
3778,4430,665,12869,16688,0
2870,8820,5909,7166,10042,0
3235,7686,4438,12982,16215,0
3792,4232,485,7929,11715,0
957,8007,7091,5347,6335,0
4068,1521,-2517,7269,11352,1
161,9018,8901,13527,13714,0
4494,1500,-3037,2454,6942,1
1301,6737,5410,18330,19659,0
4912,3294,-1596,12991,17872,1
3988,5085,1112,2808,6809,0
1528,2419,919,6642,8212,0
1219,9126,7906,3825,5086,0
4497,3042,-1439,3536,8049,1
4736,4497,-241,15309,20077,1
3105,1466,-1654,3802,6859,0
2736,3561,842,18354,21093,0
4556,614,-3915,6142,10725,1
955,5392,4427,19203,20171,0
4566,7693,3165,9094,13649,1
3447,9374,5938,364,3819,0
1046,3223,2136,19503,20553,0
1694,7138,5414,15688,17393,0
3437,2667,-785,1863,5253,0
563,7980,7378,16499,17071,0
2486,130,-2316,7084,9594,0
3355,2983,-421,8016,11415,1
226,4278,4014,2384,2655,0
4894,7126,2234,15072,20006,1
960,8230,7251,3935,4874,0
4549,7694,3189,13127,17627,1
3068,6640,3537,14482,17561,0
816,5468,4633,7742,8556,0
4755,920,-3854,16165,20878,1
4643,7564,2968,2490,7174,1
3121,8684,5523,13324,16425,0
17,9323,9265,18108,18172,0
1244,8502,7222,19151,20405,0
2206,8930,6690,1137,3371,0
2525,3241,705,3420,5942,0
1070,545,-558,5845,6889,0
3445,4346,905,3906,7336,0
2566,9996,7452,19337,21860,0
1061,3810,2723,12413,13496,0
2328,7206,4886,276,2611,0
3421,9005,5611,18383,21798,1
302,2032,1768,17611,17924,0
4277,8436,4130,6337,10602,1
607,271,-357,11944,12596,0
3171,3511,373,15906,19084,0
700,1771,1105,17079,17809,0
1140,9454,8307,12306,13494,0
191,4361,4151,10503,10726,0
2301,7069,4768,19225,21539,0
981,920,-66,4208,5182,0
2976,8190,5184,11590,14544,0
1185,3430,2293,10886,12079,1
3328,4435,1088,12866,16214,0
3395,3760,408,1088,4524,0
128,2050,1910,3363,3449,0
2066,1165,-940,24,2131,0
1817,8567,6746,9764,11536,0
570,2033,1430,9959,10507,0
1896,6467,4541,12935,14838,0
2734,145,-2627,8068,10768,0
3864,4388,494,18619,22448,0
4722,7832,3067,7295,12053,1
4015,8623,4603,8392,12451,1
2902,8896,5950,11390,14244,0
1687,8173,6458,8448,10105,0
3010,2632,-333,10433,13456,0
155,4494,4363,15038,15232,0
2538,8056,5553,19559,22082,0
1410,7511,6072,11528,12973,0
4058,9155,5135,15743,19812,1
785,1828,1014,8605,9381,0
3176,9130,5995,2014,5215,0
4342,4805,441,1381,5714,1
2807,806,-2039,1098,3915,0
538,9655,9148,19810,20310,0
1842,7486,5595,9101,10903,0
2456,8202,5724,187,2646,0
525,1868,1377,11948,12438,0
2951,7878,4955,10207,13115,0
4132,5690,1559,2092,6232,1
4781,7827,3022,18514,23301,1
4116,5429,1312,5242,9347,1
2369,9076,6751,8549,10926,0
3848,3564,-256,5185,8984,0
4496,1389,-3135,15271,19810,1
2702,7274,4609,5776,8521,0
972,824,-155,12449,13446,0
1167,2265,1124,7823,8949,0
4930,936,-4023,15717,20640,1
2775,6402,3619,7355,10090,0
1983,3845,1848,6465,8476,0
854,1796,952,12737,13620,0
4147,8245,4144,17881,22058,1
3737,7214,3482,13324,17100,0
3770,726,-3092,10350,14071,0
575,2736,2173,2555,3129,0
3262,1913,-1381,2951,6174,0
1149,9788,8611,17622,18810,0
1716,7657,5919,4727,6415,0
4778,2466,-2333,5686,10431,1
4934,9041,4095,3701,8646,1
3855,7312,3431,2780,6680,0
2492,8194,5659,17972,20475,0
2661,7906,5252,2368,5016,0
3125,4876,1716,15592,18733,1
3052,7287,4256,436,3475,0
5,892,837,2828,2849,0
4870,4675,-241,1556,6469,1
877,1933,1008,13364,14251,0
992,1380,402,15061,16003,0
4143,1290,-2900,10576,14762,1
4365,1640,-2677,16566,20925,1
4466,7490,3069,7190,11701,1
636,9179,8556,5565,6178,0
1694,1218,-429,15369,17033,0
1683,5016,3371,1589,3234,0
4753,6881,2087,159,4888,1
120,9547,9397,12145,12314,0
831,9752,8916,15373,16160,0
3676,9610,5974,6555,10202,0
1370,954,-440,16237,17630,0
741,9175,8449,9203,9946,0
117,7291,7164,8244,8389,0
2839,974,-1903,14743,17610,0
1151,4133,2940,13333,14437,0
1932,5370,3423,13341,15318,0
1013,3972,2994,18691,19676,0
1665,5295,3669,1228,2912,1
1082,9105,8030,5590,6709,0
4730,8228,3501,5585,10348,1
513,9903,9351,9227,9773,1
2850,3020,200,6046,8921,0
560,8987,8454,12237,12779,0
3673,4036,326,15649,19299,0
4584,5068,467,4945,9486,1
4993,5233,242,7927,12870,1
3344,9516,6141,12641,15971,0
4071,317,-3730,15998,20081,1
4800,2396,-2439,13386,18157,1
1471,2162,735,7016,8506,0
581,2745,2183,14027,14578,0
2295,1591,-699,15920,18260,0
3148,6183,3067,13752,16884,0
4250,3930,-313,18268,22546,1
1680,1312,-415,18193,19827,0
3507,9477,5923,3167,6683,1
2745,4311,1535,11989,14729,0
3357,7314,3916,14087,17443,0
4046,2383,-1690,2437,6480,1
1244,3239,2043,15275,16474,0
3119,2139,-1005,5276,8433,0
2142,1704,-452,8859,11006,0
3060,6924,3898,7818,10886,1
4549,362,-4184,4728,9255,1
2960,2604,-386,19008,21988,0
2266,9908,7665,5738,8030,0
2480,4286,1793,5793,8240,0
4647,3738,-914,4523,9121,1
1636,2469,786,5571,7164,0
1758,4795,3046,16209,17991,0
4453,6150,1703,15246,19745,1
2071,556,-1521,10380,12454,0
2850,9017,6136,2224,5061,0
3252,2808,-478,8389,11638,0
3731,5150,1439,15927,19634,1
2490,7561,5024,11684,14143,0
1632,2719,1129,10640,12233,0
2817,6506,3652,8662,11471,0
1016,3741,2677,6361,7387,0
1349,9766,8454,1948,3277,0
4612,3998,-585,12091,16743,1
3088,2403,-678,11992,15125,0
2840,8780,5944,6318,9168,0
336,9739,9356,12180,12539,0
4593,294,-4326,234,4843,1
896,5343,4430,15372,16308,0
3547,9882,6314,19991,23522,0
852,1136,315,522,1418,0
1688,2064,344,12718,14370,0
1932,7009,5057,9821,11718,0
3747,4543,805,5832,9541,0
2428,1007,-1412,12820,15232,0
1569,5445,3844,16211,17804,0
4001,5352,1349,7122,11131,1
2739,9439,6712,5842,8551,0
3499,1435,-2032,1316,4818,0
3914,571,-3372,13200,17138,0
1067,2382,1288,17508,18554,0
4381,9437,5081,15206,19584,1
2445,5084,2618,18971,21400,0
4108,277,-3824,1378,5521,1
3374,7059,3665,19758,23119,0
3970,1887,-2034,1519,5469,1
2547,1265,-1269,7935,10509,0
754,7491,6705,6093,6820,0
2083,1040,-1046,5355,7436,0
2775,9109,6328,9083,11903,0
2897,8073,5225,5574,8520,0
4186,9077,4934,13324,17491,1
776,2752,1980,2257,3037,0
1626,8213,6591,13411,15065,1
3070,4569,1545,15233,18310,0
418,6353,5902,15887,16353,0
115,2353,2250,19621,19688,0
617,7437,6861,2005,2651,0
3975,4799,820,18400,22393,0
3268,686,-2558,10860,14162,0
826,8476,7656,10070,10855,0
1517,4811,3288,9388,10937,0
3147,8954,5789,18156,21277,0
413,5346,4899,18135,18565,0
729,5043,4333,14609,15348,0
3349,2428,-968,16363,19690,0
2809,5126,2286,19604,22381,0
676,8220,7540,16923,17591,0
3466,9098,5672,14823,18304,0
2505,7813,5272,17845,20373,0
2968,9645,6696,8547,11525,0
2787,3356,565,11515,14294,0
1123,8707,7611,234,1331,0
4080,7266,3210,14562,18611,1
1572,6540,4926,17932,19501,0
2144,38,-2067,7480,9656,0
1688,3342,1619,4213,5937,0
4133,9078,4963,10293,14399,1
3852,2844,-998,1673,5485,0
3441,1098,-2384,2100,5588,0
3767,7027,3259,11849,15620,0
2327,1823,-552,19557,21861,0
2915,3155,266,18199,21132,0
4969,3093,-1833,3841,8822,1
3953,5658,1724,10197,14158,0
596,3778,3212,8016,8566,0
729,2896,2167,7011,7740,0
1366,988,-410,4493,5829,0
4493,4116,-386,17058,21512,1
699,6446,5731,8578,9276,0
396,4179,3778,2158,2507,0
4172,1682,-2515,19045,23208,1
4361,5626,1283,2064,6458,1
2503,7424,4963,3253,5743,0
1820,933,-874,12828,14622,0
718,3598,2866,1401,2082,0
2783,1980,-770,19643,22450,0
4947,3056,-1893,15193,20121,1
3578,8984,5376,12096,15634,0
144,791,670,4214,4368,0
4981,5390,422,19611,24559,1
3141,6635,3448,11023,14140,0
4492,2255,-2188,11950,16446,1
2939,3610,690,10704,13646,0
3637,1607,-1991,10343,14011,0
3223,5179,1909,11867,15126,0
1168,6573,5393,2745,3937,0
2617,984,-1649,3866,6453,0
1063,5776,4663,11956,13012,0
2157,3676,1492,5818,7929,0
2983,3380,403,18606,21625,0
3295,8711,5465,16093,19378,0
4730,8782,4071,19176,23914,1
1157,1050,-117,15493,16688,0
733,3633,2903,17908,18644,0
4331,6342,2006,8224,12578,1
4847,959,-3879,4025,8843,1
954,6059,5114,18950,19936,0
2540,8884,6350,19187,21741,0
3325,5655,2310,6155,9493,0
3302,4473,1204,13839,17161,0
1543,2946,1376,719,2215,0
1192,7725,6571,14890,16096,0
2994,526,-2483,17356,20314,0
2682,3224,576,18591,21298,0
1218,1875,636,4426,5615,0
1541,1763,195,12512,14088,0
3237,8712,5454,15064,18297,0
2387,5797,3445,13767,16184,0
3720,9208,5529,11308,15070,0
1389,7099,5666,11477,12861,0
1857,5109,3236,12903,14723,0
1366,6644,5282,8680,10045,0
500,116,-343,2204,2673,0
1681,2433,715,19660,21340,0
511,5463,4911,1102,1595,0
4313,583,-3701,5243,9564,1
1325,8586,7226,6614,7931,0
1156,3788,2635,16299,17483,0
1828,4167,2383,8707,10496,0
3142,8465,5361,13913,17044,0
3487,1389,-2072,630,4086,0
1811,8357,6565,11908,13762,0
2924,9759,6828,10847,13758,0
2215,6154,3961,9171,11338,0
4187,5420,1227,12721,16885,1
714,8920,8255,16661,17380,0
3603,2043,-1555,16616,20258,0
4135,4197,95,9744,13922,1
3523,3496,4,5690,9175,0
4269,778,-3485,13401,17696,1
4749,213,-4566,7659,12423,1
4850,3762,-1071,10601,15437,1
1244,9768,8523,11704,12946,0
3710,6731,3003,25,3750,1
1082,3117,2075,15384,16451,0
456,5791,5291,13705,14164,0
4925,8783,3877,8652,13552,1
895,2720,1789,13379,14298,0
1385,8905,7551,7006,8412,0
1959,9127,7149,19867,21815,0
3073,6047,2998,18378,21443,0
1997,8032,6004,8682,10650,0
4286,1,-4248,1072,5327,1
505,6368,5827,215,677,0
1215,1949,731,9915,11108,0
1532,6732,5220,9784,11305,0
3441,7833,4362,18990,22470,0
824,917,84,14824,15627,0
929,3174,2220,3313,4272,0
134,7014,6843,11033,11200,0
2106,89,-2011,9968,12078,0
3628,1709,-1933,16241,19834,0
4781,3041,-1733,5939,10715,1
1853,105,-1778,14696,16560,0
4911,9078,4198,14794,19661,1
4176,8619,4461,2295,6500,1
2934,1895,-1087,1696,4624,0
3285,6090,2841,11185,14478,0
4299,8508,4248,18330,22634,1
2812,6082,3256,12001,14810,0
1251,634,-580,14350,15577,0
3513,1925,-1590,19167,22682,0
1257,2056,767,3644,4937,0
3377,6917,3578,6420,9834,0
3487,3144,-309,11837,15346,0
3585,9631,6007,19029,22598,0
1397,552,-835,6353,7750,0
3638,8907,5259,10541,14212,0
3331,5383,2034,1932,5249,0
2704,3911,1206,11486,14220,0
471,9905,9451,1757,2272,0
1354,3389,2055,5085,6445,0
2784,9299,6550,5637,8378,0
2832,8442,5592,1116,3976,0
358,2430,2102,10759,11161,0
3020,458,-2589,11691,14754,0
668,207,-451,492,1129,0
4469,899,-3560,8811,13282,1
1146,21,-1078,6474,7581,0
4186,8601,4392,14385,18569,1
3720,894,-2819,9738,13424,0
2746,514,-2240,13979,16738,0
540,7294,6744,11755,12286,0
2780,4904,2112,9797,12620,0
4965,7867,2937,14607,19550,1
4137,4109,-30,12867,16972,1
4836,7179,2309,19127,23923,1
3776,1560,-2169,7866,11689,0
2509,1266,-1224,15449,17957,0
2780,3638,877,10685,13485,0
925,8941,8063,5451,6383,0
2957,3427,484,8548,11488,0
1582,4780,3221,7186,8737,0
3325,1927,-1364,6102,9426,0
4486,2356,-2176,619,5142,1
256,4790,4485,882,1097,0
4805,306,-4528,3642,8428,1
1839,7979,6146,1296,3136,0
1945,3665,1735,14122,16031,0
10,7057,7070,2895,2938,0
2872,661,-2164,17313,20137,0
798,4644,3811,5366,6150,1
4973,8503,3530,8711,13673,1
1016,2920,1892,19596,20633,0
1825,9274,7484,18793,20607,0
4470,8946,4501,8199,12674,1
3137,6236,3136,10717,13826,0
2194,6078,3873,3423,5577,0
224,352,115,10211,10448,0
4949,9094,4154,12782,17688,1
4159,7005,2854,12474,16675,1
3926,158,-3809,3667,7636,0
4785,956,-3781,8277,13067,1
4001,2071,-1917,12424,16434,1
1634,8595,6973,18852,20445,0
2153,9579,7424,18020,20161,0
511,3453,2955,8155,8643,0
385,6675,6271,3583,3966,0
405,955,506,15515,15905,0
4614,6295,1651,4009,8585,1
4572,1712,-2891,19710,24327,1
2001,4703,2677,10410,12396,0
2757,6563,3823,18601,21333,0
1669,9465,7831,4967,6671,0
1461,5631,4134,18753,20167,0
3637,9633,6030,10695,14376,1
2725,9989,7292,9135,11891,0
4810,1394,-3381,5722,10545,1
4179,9461,5323,15514,19680,1
2049,4732,2646,11128,13214,0
4147,3714,-457,4444,8627,1
4781,529,-4263,7618,12370,1
717,2958,2248,18060,18728,0
4545,7904,3336,1196,5721,1
4977,3591,-1411,12297,17234,1
4584,6895,2323,2787,7412,1
1824,9131,7322,7927,9746,0
2082,525,-1583,19702,21829,0
3420,6477,3009,2176,5607,0
1575,1,-1553,8792,10385,0
250,374,117,9171,9434,0
674,4648,4020,2451,3084,0
4534,2365,-2178,628,5151,1
2166,1525,-593,9821,11960,0
771,1646,830,7778,8597,0
3963,13,-3962,3696,7652,0
4364,4599,236,19149,23522,1
1985,2278,265,12972,14968,1
1078,3155,2115,8307,9421,0
236,8321,8084,4956,5158,0
389,3814,3417,10195,10598,0
3038,3216,146,17076,20158,0
4859,8219,3378,19546,24449,1
1849,2113,264,1105,2960,0
4720,9444,4684,19392,24116,1
2815,4356,1502,18545,21362,0
3375,5543,2191,15417,18797,0
3279,4555,1233,14188,17514,0
1253,7062,5782,12602,13813,0
3982,3374,-567,9256,13209,1
4674,6430,1746,14212,18848,1
2123,3466,1328,1913,4074,0
4531,3081,-1416,10593,15121,1
2151,629,-1501,1772,3890,0
4860,269,-4587,19164,24049,1
1330,5724,4352,12996,14315,0
1359,5897,4534,2871,4196,0
2483,3432,913,13234,15681,0
4543,9472,4926,17044,21551,1
2018,6276,4289,10521,12567,0
1332,5895,4554,10642,11986,0
4345,7115,2779,1132,5465,1
4262,6656,2427,699,4923,1
1359,575,-765,14534,15923,1
4638,7029,2352,10230,14849,1
4855,6099,1195,6297,11110,1
3178,9499,6277,12839,16006,0
2129,3192,1092,7812,9910,0
2181,3178,949,4557,6777,0
4893,6052,1111,2179,7112,1
138,2734,2572,11030,11202,0
3473,6116,2632,9065,12569,0
2833,3568,717,8275,11134,0
3580,9847,6308,17806,21415,0
3032,9771,6689,15089,18143,0
4165,2203,-2005,3180,7357,1
2594,1390,-1223,6696,9315,1
4301,1742,-2562,9583,13877,1
3819,1925,-1941,16998,20804,0
4139,619,-3477,13869,18040,1
3824,1274,-2531,11757,15590,0
4043,956,-3119,16654,20717,1
1907,1939,13,12258,14213,0
761,3953,3150,2468,3226,0
3446,968,-2517,14208,17621,0
900,9508,8568,15042,15907,0
4456,9235,4774,15639,20099,1
2948,281,-2702,11546,14482,0
1720,6262,4492,12327,14064,1
281,1058,789,14270,14559,0
3267,4293,996,15523,18828,0
1888,5178,3269,14300,16233,0
3267,6980,3675,19991,23269,0
667,9200,8516,10775,11404,0
4189,1229,-3007,12265,16484,1
672,9227,8532,19459,20086,0
1970,4585,2659,16673,18675,1
4157,8467,4318,6614,10797,1
3123,2740,-407,3252,6384,0
4700,2289,-2393,7415,12154,1
4778,1239,-3565,16662,21403,1
3901,5370,1421,11116,15061,0
524,125,-353,16964,17491,0
2394,7473,5096,4958,7305,1
3118,9400,6256,4276,7382,0
2594,5342,2717,4776,7391,0
1969,7351,5365,17208,19151,0
1754,6638,4859,3832,5612,0
2297,6570,4227,14901,17179,0
2262,3249,1035,5445,7715,0
2287,9110,6833,1380,3679,0
4203,7595,3433,9865,14055,1
2879,6294,3457,13926,16846,0
4144,6527,2341,19540,23686,1
3645,5757,2111,11580,15268,0
4433,1969,-2509,5634,10083,1
2056,891,-1133,5810,7843,0
4721,4470,-242,10179,14852,1
1277,7175,5891,12251,13575,0
2767,9556,6749,13131,15927,1
303,8320,8032,19493,19767,0
639,9206,8563,12707,13391,0
56,9991,9957,19624,19667,0
4822,6812,2024,18233,23076,1
526,7519,7030,2749,3296,0
4570,4612,89,13156,17737,1
4124,9710,5621,16589,20719,1
2126,1198,-976,3450,5531,0
3288,5238,1975,7214,10529,0
365,6089,5765,11814,12160,0
4622,6257,1614,5141,9811,1
4979,7705,2765,2708,7646,1
1647,3719,2042,18375,19974,0
919,302,-640,15088,16015,0
2798,986,-1773,11834,14657,0
1532,4440,2919,12278,13808,0
3346,4909,1545,10014,13368,0
1907,3072,1199,3273,5160,0
3087,3124,21,14367,17496,0
4581,9519,4939,4538,9137,1
2076,8125,6032,12541,14628,0
714,3291,2567,8712,9427,0
1063,4033,2970,9168,10269,0
1977,5105,3124,3551,5518,0
1297,703,-563,12297,13574,0
126,8133,8014,10965,11125,0
4633,574,-4035,2832,7498,1
3597,5704,2113,13422,16990,0
3284,7848,4536,152,3389,0
1604,5208,3601,11156,12722,0
67,6924,6828,11108,11169,0
233,3828,3561,2800,3024,0
2157,3230,1091,5310,7465,0
1170,488,-722,9944,11083,0
2159,7114,4998,2610,4795,0
4207,9539,5296,12067,16304,1
1494,3173,1719,1104,2601,0
4719,1667,-3068,10728,15432,1
4008,9829,5803,7263,11317,1
2473,4114,1674,1914,4337,0
2661,3553,857,19456,22081,0
2740,7761,5004,406,3172,0
1762,1000,-747,13689,15417,0
3515,9042,5575,166,3654,0
1976,1388,-599,508,2491,0
2363,5450,3064,18045,20429,0
877,3712,2831,3664,4581,0
3813,1367,-2458,19873,23658,0
3449,8189,4759,13050,16494,0
1313,9013,7722,680,2014,0
1461,454,-1038,18908,20326,0
2710,9816,7056,18504,21222,0
2325,2772,468,4357,6721,0
1734,3726,2028,1363,3105,0
1606,7232,5638,9523,11091,0
2564,4806,2258,2292,4844,0
3422,2190,-1279,1538,4937,0
3518,9108,5597,3408,6964,0
2398,2875,451,8752,11160,0
3736,5592,1852,18287,21988,0
2871,1440,-1444,174,2996,0
1161,8927,7730,2230,3422,1
4855,6059,1216,4287,9108,1
243,7010,6737,12112,12334,0
2591,7117,4574,7106,9659,0
1064,9153,8095,9689,10798,0
4325,2989,-1334,12046,16413,1
2596,9218,6617,19555,22194,0
920,6228,5271,17951,18902,0
6,6471,6514,1151,1119,0
468,2863,2420,7619,8079,0
4171,1177,-3028,6033,10238,1
4,4760,4744,8560,8607,0
646,11,-677,4946,5562,0
118,5252,5182,1907,2029,0
2929,4399,1496,3490,6449,0
2552,8234,5710,18919,21460,0
4290,9135,4876,4173,8495,1
847,5445,4644,11065,11876,0
2763,6570,3762,17677,20462,0
1142,9196,8094,4769,5912,0
1811,8212,6373,4796,6630,0
724,406,-310,13046,13814,0
225,9206,9021,14211,14438,0
4628,4431,-150,19356,24020,1
4209,5243,1029,4997,9207,1
4655,6542,1874,17376,22010,1
2049,6936,4850,8112,10143,0
4750,8906,4205,5287,10043,1
4416,4146,-249,10578,14995,1
1574,140,-1423,18624,20156,0
1829,4882,3037,17860,19692,0
1918,6012,4062,6426,8294,0
4235,963,-3293,11599,15827,1
2027,7151,5151,389,2464,0
3745,8564,4852,999,4768,0
902,3610,2682,12812,13761,0
4786,9884,5087,15599,20414,1
2040,6894,4891,1855,3853,0
10,7311,7264,8125,8116,1
261,105,-181,13794,14019,0
1674,5539,3901,2763,4398,0
2220,9873,7624,4986,7252,0
2061,6787,4723,1481,3569,0
3714,2137,-1545,3731,7451,0
1620,4445,2825,16835,18412,0
321,3530,3161,19477,19819,0
1343,1286,-66,17266,18585,1
2377,7052,4643,10758,13146,0
2833,3654,843,19661,22455,0
2825,7102,4254,16311,19150,0
1995,2359,397,8566,10552,0
2959,8105,5140,11889,14859,0
2039,8636,6617,11254,13253,0
3491,6441,2977,11442,14925,0
3678,5047,1381,13521,17243,0
1119,8227,7130,4559,5644,0
1605,5203,3566,16199,17850,0
4028,9667,5635,7291,11300,1
236,1798,1525,8160,8438,0
1970,9600,7617,112,2116,0
4430,5291,863,19581,24045,1
1909,5495,3596,15924,17822,0
376,9900,9509,16523,16871,0
3531,6284,2742,1424,4960,0
2636,7285,4679,19333,21924,0
1571,1300,-292,19552,21158,0
2561,6869,4266,10808,13368,0
3392,9435,6056,6043,9421,1
2966,3097,113,6989,9968,0
3644,4616,973,6261,9908,1
3851,9,-3804,887,4759,0
873,5752,4842,19488,20359,0
1253,9852,8623,16433,17734,0
1315,6295,4982,19944,21219,0
4821,4815,42,16402,21260,1
2899,1072,-1819,12253,15150,0
78,3225,3174,18990,19038,0
2622,1316,-1263,7846,10483,0
4228,5699,1461,6432,10672,1
601,6807,6223,13452,14085,0
1066,6674,5625,13395,14438,0
2137,3683,1587,3765,5868,0
2450,7227,4734,18822,21227,0
2344,3273,880,15950,18262,0
1864,7000,5171,12502,14371,0
1319,145,-1184,9741,11037,0
4712,5010,302,5941,10668,1
3598,3040,-593,4855,8440,0
3763,9654,5933,15166,18915,0
4671,9776,5116,19145,23833,1
2191,482,-1712,5788,8014,0
993,3179,2165,201,1233,0
2713,1249,-1503,10561,13272,0
2193,630,-1579,16901,19086,0
1249,8853,7564,7737,8971,1
3055,2852,-190,1988,5050,0
4599,987,-3613,15441,20002,1
4034,7622,3622,11737,15772,1
1998,7327,5299,14256,16261,0
4917,9738,4839,7162,12060,1
3688,8841,5150,13065,16783,0
2152,9160,6977,14114,16315,0
4019,1100,-2903,8399,12427,1
3111,6652,3534,5633,8776,0
1971,8632,6643,5755,7733,0
198,7421,7245,10825,11071,0
2627,5016,2399,4117,6749,0
1203,769,-476,1518,2698,0
2036,1343,-676,16346,18332,0
478,4358,3864,2600,3069,0
1255,9769,8544,13237,14523,0
923,6780,5904,18579,19499,0
420,6602,6219,3554,3963,0
2205,2349,189,16193,18444,0
2598,5699,3115,19233,21843,0
1121,1241,77,15253,16399,0
3069,1125,-1950,16194,19284,0
951,9382,8467,1742,2730,0
2337,6764,4423,1306,3672,0
2244,5101,2846,3849,6046,0
2646,7843,5222,12360,14993,0
1858,72,-1783,12768,14602,0
4613,5472,884,13032,17603,1
1866,5189,3318,4195,6026,0
2913,2472,-445,18939,21857,0
2854,707,-2183,18689,21568,0
4911,1804,-3139,7619,12510,1
3229,6704,3450,9280,12546,0
3720,3713,-6,2642,6325,0
3229,5051,1864,9369,12572,0
2372,2475,74,14296,16651,0
2892,3610,688,15438,18346,0
3757,4255,498,15674,19404,0
4226,7397,3158,4757,9005,1
95,1735,1609,2994,3064,0
2675,9777,7080,15226,17870,0
1956,8258,6302,1271,3240,0
794,7979,7138,1813,2566,0
1835,2428,597,18845,20712,1
2117,7426,5329,8475,10608,0
4107,8533,4467,4396,8476,1
3326,5249,1900,9283,12563,0
2920,5291,2324,13318,16254,0
2598,2817,190,17200,19805,0
3206,9424,6243,82,3264,0
4808,3874,-940,1920,6757,1
815,9686,8887,7817,8596,0
346,4211,3900,11683,12013,0
2350,661,-1674,11336,13711,0
363,3374,3048,15596,15961,0
2444,9208,6747,2093,4530,0
2266,207,-2019,12905,15146,0
2189,2665,480,8367,10552,0
3006,2493,-563,5285,8274,0
3282,6813,3552,10896,14214,0
985,632,-317,4937,5966,1
1640,3083,1430,16753,18392,0
828,3719,2846,18202,19063,0
2731,7123,4427,18485,21177,0
3532,1679,-1879,12977,16545,0
4452,236,-4185,19874,24279,1
2936,7446,4476,18163,21135,0
3877,4443,576,7674,11548,0
127,6770,6604,17748,17879,0
3178,9732,6509,3676,6804,0
3057,6099,3081,2426,5521,0
604,8555,7927,2962,3581,0
3450,2368,-1125,859,4288,0
4147,285,-3830,12048,16147,1
3534,148,-3372,4138,7642,0
3368,4037,675,2424,5830,0
3369,6549,3222,10409,13811,0
3798,7121,3371,4017,7813,0
1793,9958,8154,10451,12279,0
2862,4895,1996,10278,13174,1
3477,5280,1787,10996,14484,0
3418,1012,-2409,1134,4598,0
1646,9715,8102,5119,6752,0
1206,2785,1584,5694,6864,0
3031,3725,692,4164,7196,0
2873,4576,1665,18730,21631,0
3073,5782,2719,5039,8107,0
1855,6257,4400,14631,16460,1
4022,9793,5766,10442,14434,1
4663,2408,-2244,8252,12952,1
2709,340,-2412,17721,20384,0
3503,2817,-694,17568,21090,0
1333,2496,1132,1551,2880,0
202,5962,5806,12625,12863,0
3508,5299,1830,1629,5154,0
4213,9917,5692,17910,22163,1
575,7574,7033,1361,1903,1
